0001-Rafael Guitierrez-rafaguti@gutitrans.com-rf001-GutiTrans-Chiclana
0002-Pepe Tinoco-pepe@transpo.com-pp001-TransPo-Cadiz
0003-Joselu-joselu@jlexpress.com-jl001-JLExpress-San Fernando
0004-Martin Alvarez-martalv@jlexpress.com-martalv321-JLExpress-San Fernando